{"loss": 0.06189345568418503, "_timestamp": 1704467091.018602, "_runtime": 7.552309989929199, "_step": 790, "Training Loss Plot": {"_type": "image-file", "sha256": "d3d98b3cf59b0923037f36a07d965e614dda5dc5ddb549954748226bed15d677", "size": 32165, "path": "media/images/Training Loss Plot_790_d3d98b3cf59b0923037f.png", "format": "png", "width": 640, "height": 480}, "_wandb": {"runtime": 6}}