{"train_loss": 0.001134376972913742, "epoch": 99, "trainer/global_step": 1499, "_timestamp": 1704470154.0528572, "_runtime": 10.72104024887085, "_step": 29, "_wandb": {"runtime": 9}}