{"val_loss": 0.5182393193244934, "epoch": 18, "trainer/global_step": 284, "_timestamp": 1704470758.682163, "_runtime": 8.551104068756104, "_step": 23, "train_loss": 0.16680008172988892, "_wandb": {"runtime": 7}}