{"loss": 0.008083876222372055, "_timestamp": 1704467132.4630442, "_runtime": 7.4552061557769775, "_step": 790, "Training Loss Plot": {"_type": "image-file", "sha256": "d3cce3a5ac812a1b1ce4ef18ebc840db5e7df7685c40f8dac200ba1000caf4ca", "size": 29495, "path": "media/images/Training Loss Plot_790_d3cce3a5ac812a1b1ce4.png", "format": "png", "width": 640, "height": 480}, "_wandb": {"runtime": 6}}