{"loss": 0.00616785604506731, "_timestamp": 1704467174.177165, "_runtime": 7.400545120239258, "_step": 790, "Training Loss Plot": {"_type": "image-file", "sha256": "d74b7dd3f493a93e9cffce70b9f50d5ccccc7aa10361d08345daea38aced2f27", "size": 31005, "path": "media/images/Training Loss Plot_790_d74b7dd3f493a93e9cff.png", "format": "png", "width": 640, "height": 480}, "_wandb": {"runtime": 6}}