{"loss": 0.0010414252756163478, "_timestamp": 1704467007.0159528, "_runtime": 7.206486940383911, "_step": 790, "Training Loss Plot": {"_type": "image-file", "sha256": "64ba93d619c91c7dd025cb9f930822f36554e8ce8254d5d870e8a1d4ebb18350", "size": 31658, "path": "media/images/Training Loss Plot_790_64ba93d619c91c7dd025.png", "format": "png", "width": 640, "height": 480}, "_wandb": {"runtime": 6}}