{"train_loss": 0.1888849288225174, "epoch": 6, "trainer/global_step": 99, "_timestamp": 1704470015.738463, "_runtime": 5.795634984970093, "_step": 1, "_wandb": {"runtime": 5}}