{"loss": 0.08478693664073944, "_timestamp": 1704467111.632001, "_runtime": 7.354375839233398, "_step": 790, "Training Loss Plot": {"_type": "image-file", "sha256": "2283966797ac114a7a6dc6b17bb27f13855d909cf4be5dd3567d97b48d681893", "size": 31729, "path": "media/images/Training Loss Plot_790_2283966797ac114a7a6d.png", "format": "png", "width": 640, "height": 480}, "_wandb": {"runtime": 6}}