{"loss": 0.0008614483522251248, "_timestamp": 1704465283.1260219, "_runtime": 6.197336912155151, "_step": 789, "_wandb": {"runtime": 5}}