{"loss": 1.9917755126953125, "_timestamp": 1704467152.9108858, "_runtime": 7.126865863800049, "_step": 790, "Training Loss Plot": {"_type": "image-file", "sha256": "149d386fba9209675ba0e07f5bcf389553ecb1079835a0e7471c684a84be20aa", "size": 21243, "path": "media/images/Training Loss Plot_790_149d386fba9209675ba0.png", "format": "png", "width": 640, "height": 480}, "_wandb": {"runtime": 6}}