{"loss": 0.009813441894948483, "_timestamp": 1704467028.516265, "_runtime": 7.89827299118042, "_step": 790, "Training Loss Plot": {"_type": "image-file", "sha256": "c99662d15b12d703765b1502f3e690ae4a6392e2d3c6749f96ae7881953eef21", "size": 29792, "path": "media/images/Training Loss Plot_790_c99662d15b12d703765b.png", "format": "png", "width": 640, "height": 480}, "_wandb": {"runtime": 7}}