{"loss": 2.171908378601074, "_timestamp": 1704466928.0492969, "_runtime": 6.99061393737793, "_step": 790, "Training Loss Plot": {"_type": "image-file", "sha256": "8301ea689eb812cee70afd429496c6dd25fbaf14603dc14a3a32209a98e73fcd", "size": 18841, "path": "media/images/Training Loss Plot_790_8301ea689eb812cee70a.png", "format": "png", "width": 640, "height": 480}, "_wandb": {"runtime": 6}}