{"loss": 1.9550966024398804, "_timestamp": 1704467049.198349, "_runtime": 7.750614881515503, "_step": 790, "Training Loss Plot": {"_type": "image-file", "sha256": "925fb3ad29f8b0be0e46b5678742fd6732843d5c3abf0ebbe3314208c3b7bfdb", "size": 19288, "path": "media/images/Training Loss Plot_790_925fb3ad29f8b0be0e46.png", "format": "png", "width": 640, "height": 480}, "_wandb": {"runtime": 7}}