{"loss": 0.014912191778421402, "_timestamp": 1704466912.647578, "_runtime": 7.221005916595459, "_step": 790, "Training Loss Plot": {"_type": "image-file", "sha256": "eb479921b73276b8a622634dd7e9de4c570817cf2f259992caafc2b2186b3dfc", "size": 29147, "path": "media/images/Training Loss Plot_790_eb479921b73276b8a622.png", "format": "png", "width": 640, "height": 480}, "_wandb": {"runtime": 6}}