{"loss": 0.0004764596524182707, "_timestamp": 1704464969.6299431, "_runtime": 6.790111064910889, "_step": 789, "_wandb": {"runtime": 6}}