{"loss": 2.1770920753479004, "_timestamp": 1704467069.95804, "_runtime": 7.437609910964966, "_step": 790, "Training Loss Plot": {"_type": "image-file", "sha256": "21c28d2bf6c6db104bdee099aca6157ea4c23edac9b33af142805e7f44208908", "size": 18787, "path": "media/images/Training Loss Plot_790_21c28d2bf6c6db104bde.png", "format": "png", "width": 640, "height": 480}, "_wandb": {"runtime": 6}}