{"loss": 0.13707439601421356, "_timestamp": 1704466964.745731, "_runtime": 7.0280921459198, "_step": 790, "Training Loss Plot": {"_type": "image-file", "sha256": "fcb99bb80637775f6ade8b5db8867b52e358d0b39d729afb5b9da73cf5139a1e", "size": 31824, "path": "media/images/Training Loss Plot_790_fcb99bb80637775f6ade.png", "format": "png", "width": 640, "height": 480}, "_wandb": {"runtime": 6}}