{"loss": 1.9725520610809326, "_timestamp": 1704466895.799712, "_runtime": 7.330927848815918, "_step": 790, "Training Loss Plot": {"_type": "image-file", "sha256": "cf2b84977a76bcd5a1beaec42425ae5c0932772244d196bd4974cca60c6a88d6", "size": 19065, "path": "media/images/Training Loss Plot_790_cf2b84977a76bcd5a1be.png", "format": "png", "width": 640, "height": 480}, "_wandb": {"runtime": 6}}