{"loss": 0.008068444207310677, "_timestamp": 1704465365.962112, "_runtime": 7.406327962875366, "_step": 790, "Training Loss Plot": {"_type": "image-file", "sha256": "c2ad9e7207d93e472ed6a338aa50813f988856e9a993793d6e40e9f2b83d1611", "size": 28325, "path": "media/images/Training Loss Plot_790_c2ad9e7207d93e472ed6.png", "format": "png", "width": 640, "height": 480}, "_wandb": {"runtime": 6}}