{"loss": 0.2291146218776703, "_timestamp": 1704466944.0353448, "_runtime": 7.248353958129883, "_step": 790, "Training Loss Plot": {"_type": "image-file", "sha256": "b4b4ff38929f9f01519c770c67c1dc81a6a4a296892ec29d0dccfebb6a66e873", "size": 32388, "path": "media/images/Training Loss Plot_790_b4b4ff38929f9f01519c.png", "format": "png", "width": 640, "height": 480}, "_wandb": {"runtime": 6}}