{"loss": 1.9668157619889826e-05, "_timestamp": 1704466986.698733, "_runtime": 7.817248106002808, "_step": 790, "Training Loss Plot": {"_type": "image-file", "sha256": "dff17a572736ca4b17c892b7f32a8931ac5885a16b54c01f1782306e3e2ba27a", "size": 30594, "path": "media/images/Training Loss Plot_790_dff17a572736ca4b17c8.png", "format": "png", "width": 640, "height": 480}, "_wandb": {"runtime": 7}}