{"train_loss": 0.5504802465438843, "epoch": 6, "trainer/global_step": 99, "_timestamp": 1704470082.787536, "_runtime": 5.58242392539978, "_step": 1, "_wandb": {"runtime": 4}}